"","trial","vmax","vmax_location"
"1",0,0,1
"2",1,163,170
"3",2,163,171
"4",3,163,169
"5",4,163,177
"6",5,163,181
"7",6,163,180
"8",7,163,190
"9",8,163,184
"10",9,163,194
"11",10,163,198
"12",11,163,206
"13",12,163,211
"14",13,163,205
"15",14,163,193
"16",15,163,199
"17",16,163,195
"18",17,163,182
"19",18,163,177
"20",19,163,183
"21",20,163,181
"22",21,163,180
"23",22,163,179
"24",23,163,183
"25",24,163,183
"26",25,163,185
"27",26,155,199
"28",27,148,198
"29",28,140,209
"30",29,133,209
"31",30,125,211
"32",31,117,208
"33",32,110,212
"34",33,102,206
"35",34,95,209
"36",35,87,213
"37",36,79,205
"38",37,72,206
"39",38,64,305
"40",39,72,315
"41",40,79,312
"42",41,87,316
"43",42,95,309
"44",43,102,315
"45",44,110,324
"46",45,117,323
"47",46,125,326
"48",47,133,328
"49",48,140,329
"50",49,148,338
"51",50,155,334
"52",51,163,342
"53",52,163,1
"54",53,163,353
"55",54,163,343
"56",55,163,340
"57",56,163,338
"58",57,163,339
"59",58,163,340
"60",59,163,352
"61",60,163,352
"62",61,163,350
"63",62,163,351
"64",63,163,349
"65",64,163,337
"66",65,163,334
"67",66,163,329
"68",67,163,333
"69",68,155,334
"70",69,148,341
"71",70,140,336
"72",71,133,338
"73",72,125,339
"74",73,117,343
"75",74,110,345
"76",75,102,343
"77",76,95,345
"78",77,87,338
"79",78,79,329
"80",79,72,326
"81",80,64,140
"82",81,76,151
"83",82,89,154
"84",83,101,149
"85",84,114,148
"86",85,126,143
"87",86,138,141
"88",87,151,144
"89",88,163,146
"90",89,163,143
"91",90,163,151
"92",91,163,148
"93",92,163,142
"94",93,163,143
"95",94,163,137
"96",95,163,135
"97",96,163,132
"98",97,163,126
"99",98,163,124
"100",99,163,125
"101",100,163,125
"102",101,163,114
"103",102,163,115
"104",103,163,104
"105",104,155,103
"106",105,148,101
"107",106,140,101
"108",107,133,114
"109",108,125,117
"110",109,117,126
"111",110,110,136
"112",111,102,136
"113",112,95,137
"114",113,87,128
"115",114,79,116
"116",115,72,119
"117",116,64,1
"118",117,76,1
"119",118,89,1
"120",119,101,1
"121",120,114,356
"122",121,126,1
"123",122,138,5
"124",123,151,14
"125",124,163,13
"126",125,163,16
"127",126,163,8
"128",127,163,5
"129",128,163,6
"130",129,163,1
"131",130,163,354
"132",131,163,1
"133",132,163,356
"134",133,163,356
"135",134,163,348
"136",135,163,351
"137",136,163,354
"138",137,163,3
"139",138,163,2
"140",139,163,13
"141",140,163,12
"142",141,163,9
"143",142,163,4
"144",143,163,4
"145",144,163,8
"146",145,163,6
"147",146,163,9
"148",147,163,13
"149",148,149,16
"150",149,135,17
"151",150,121,21
"152",151,106,13
"153",152,92,6
"154",153,78,6
"155",154,64,179
"156",155,78,174
"157",156,92,172
"158",157,106,164
"159",158,121,169
"160",159,135,159
"161",160,149,162
"162",161,163,161
"163",162,163,167
"164",163,163,168
"165",164,163,165
"166",165,163,164
"167",166,163,162
"168",167,163,164
"169",168,163,164
"170",169,163,163
"171",170,163,169
"172",171,163,163
"173",172,163,164
"174",173,163,158
"175",174,163,155
"176",175,163,161
"177",176,163,162
"178",177,163,153
"179",178,163,142
"180",179,163,141
"181",180,163,146
"182",181,163,135
"183",182,163,135
"184",183,155,138
"185",184,148,140
"186",185,140,137
"187",186,133,132
"188",187,125,122
"189",188,117,126
"190",189,110,127
"191",190,102,121
"192",191,95,118
"193",192,87,109
"194",193,79,102
"195",194,72,108
"196",195,64,284
"197",196,72,286
"198",197,81,287
"199",198,89,287
"200",199,97,290
"201",200,105,291
"202",201,114,295
"203",202,122,292
"204",203,130,295
"205",204,138,295
"206",205,146,288
"207",206,155,284
"208",207,163,282
"209",208,163,276
"210",209,163,284
"211",210,163,286
"212",211,163,284
"213",212,163,274
"214",213,163,272
"215",214,163,265
"216",215,163,266
"217",216,163,258
"218",217,163,266
"219",218,163,261
"220",219,163,257
"221",220,163,254
"222",221,163,247
"223",222,163,245
"224",223,163,250
"225",224,153,252
"226",225,143,249
"227",226,133,245
"228",227,123,247
"229",228,114,249
"230",229,104,245
"231",230,94,244
"232",231,84,238
"233",232,74,238
"234",233,64,141
"235",234,78,142
"236",235,92,148
"237",236,106,148
"238",237,121,160
"239",238,135,159
"240",239,149,166
"241",240,163,168
"242",241,163,176
"243",242,163,174
"244",243,163,175
"245",244,163,172
"246",245,163,175
"247",246,163,183
"248",247,163,179
"249",248,163,177
"250",249,163,180
"251",250,163,182
"252",251,163,181
"253",252,163,188
"254",253,163,191
"255",254,163,188
"256",255,163,190
"257",256,163,189
"258",257,163,192
"259",258,163,195
"260",259,163,195
"261",260,163,192
"262",261,163,190
"263",262,152,184
"264",263,141,181
"265",264,130,184
"266",265,119,187
"267",266,108,178
"268",267,97,177
"269",268,86,176
"270",269,75,180
"271",270,64,40
"272",271,81,48
"273",272,97,48
"274",273,114,48
"275",274,130,46
"276",275,146,39
"277",276,163,38
"278",277,163,36
"279",278,163,41
"280",279,163,43
"281",280,163,40
"282",281,163,37
"283",282,163,39
"284",283,163,31
"285",284,163,40
"286",285,163,34
"287",286,163,30
"288",287,163,39
"289",288,163,41
"290",289,163,49
"291",290,163,47
"292",291,163,53
"293",292,163,56
"294",293,163,49
"295",294,155,45
"296",295,148,51
"297",296,140,58
"298",297,133,61
"299",298,125,58
"300",299,117,56
"301",300,110,61
"302",301,102,45
"303",302,95,55
"304",303,87,53
"305",304,79,61
"306",305,72,63
"307",306,64,232
"308",307,73,228
"309",308,82,228
"310",309,91,222
"311",310,100,210
"312",311,109,207
"313",312,118,206
"314",313,127,212
"315",314,136,213
"316",315,145,214
"317",316,154,206
"318",317,163,211
"319",318,163,212
"320",319,163,226
"321",320,163,229
"322",321,163,230
"323",322,163,237
"324",323,163,235
"325",324,163,240
"326",325,163,251
"327",326,163,246
"328",327,163,251
"329",328,163,248
"330",329,163,248
"331",330,163,245
"332",331,163,245
"333",332,152,241
"334",333,141,236
"335",334,130,237
"336",335,119,241
"337",336,108,234
"338",337,97,229
"339",338,86,226
"340",339,75,225
"341",340,64,87
"342",341,73,83
"343",342,82,81
"344",343,91,72
"345",344,100,70
"346",345,109,71
